users_save,2019-04-15 14:40:26.449
users_save,2019-04-15 14:43:57.655
users_save,2019-04-15 14:46:20.469
users_save,2019-04-15 14:50:23.509
users_save,2019-04-15 14:50:52.566
users_save,2019-04-15 14:51:17.038
users_save,2019-04-15 14:55:08.921
hotels_save,2019-04-15 14:55:08.95
pensiune_save,2019-04-15 14:55:08.976
apartament_save,2019-04-15 14:55:08.98
rezervari_save,2019-04-15 14:55:08.984
users_save,2019-04-15 14:56:37.112
hotels_save,2019-04-15 14:56:37.138
pensiune_save,2019-04-15 14:56:37.155
apartament_save,2019-04-15 14:56:37.158
rezervari_save,2019-04-15 14:56:37.161
users_read,2019-04-15 14:58:07.638
hotels_read,2019-04-15 14:58:07.672
pensiuni_read,2019-04-15 14:58:07.694
apartamente_read,2019-04-15 14:58:07.702
reservation_read,2019-04-15 14:58:07.716
users_save,2019-04-15 14:58:07.718
hotels_save,2019-04-15 14:58:07.722
pensiune_save,2019-04-15 14:58:07.724
apartament_save,2019-04-15 14:58:07.726
rezervari_save,2019-04-15 14:58:07.729
users_read,2019-04-15 14:58:17.641
hotels_read,2019-04-15 14:58:17.669
pensiuni_read,2019-04-15 14:58:17.689
apartamente_read,2019-04-15 14:58:17.699
reservation_read,2019-04-15 14:58:17.706
users_read,2019-04-15 14:59:27.125
hotels_read,2019-04-15 14:59:27.151
pensiuni_read,2019-04-15 14:59:27.171
apartamente_read,2019-04-15 14:59:27.179
reservation_read,2019-04-15 14:59:27.181
users_read,2019-04-15 14:59:49.484
hotels_read,2019-04-15 14:59:49.513
pensiuni_read,2019-04-15 14:59:49.535
apartamente_read,2019-04-15 14:59:49.543
reservation_read,2019-04-15 14:59:49.546
users_read,2019-04-15 15:00:18.72
hotels_read,2019-04-15 15:00:18.748
pensiuni_read,2019-04-15 15:00:18.768
apartamente_read,2019-04-15 15:00:18.777
reservation_read,2019-04-15 15:00:18.779
users_save,2019-04-15 15:00:18.781
hotels_save,2019-04-15 15:00:18.786
pensiune_save,2019-04-15 15:00:18.788
apartament_save,2019-04-15 15:00:18.79
rezervari_save,2019-04-15 15:00:18.792
users_read,2019-04-15 15:03:03.323
hotels_read,2019-04-15 15:03:03.354
pensiuni_read,2019-04-15 15:03:03.378
apartamente_read,2019-04-15 15:03:03.39
reservation_read,2019-04-15 15:03:03.399
users_read,2019-04-15 15:03:47.567
hotels_read,2019-04-15 15:04:34.67
pensiuni_read,2019-04-15 15:04:37.069
apartamente_read,2019-04-15 15:04:37.899
reservation_read,2019-04-15 15:04:40.505
users_read,2019-04-15 15:05:53.048
hotels_read,2019-04-15 15:06:29.733
pensiuni_read,2019-04-15 15:06:30.402
apartamente_read,2019-04-15 15:06:31.047
reservation_read,2019-04-15 15:06:32.132
users_read,2019-04-15 15:08:23.102
hotels_read,2019-04-15 15:08:23.131
pensiuni_read,2019-04-15 15:08:23.151
apartamente_read,2019-04-15 15:08:23.16
reservation_read,2019-04-15 15:08:23.162
users_read,2019-04-15 15:09:42.741
users_read,2019-04-15 16:30:05.983
hotels_read,2019-04-15 16:30:06.007
pensiuni_read,2019-04-15 16:30:06.017
apartamente_read,2019-04-15 16:30:06.019
reservation_read,2019-04-15 16:30:06.02
users_read,2019-04-15 16:30:14.475
hotels_read,2019-04-15 16:30:14.497
pensiuni_read,2019-04-15 16:30:14.512
apartamente_read,2019-04-15 16:30:14.519
reservation_read,2019-04-15 16:30:14.525
users_save,2019-04-15 16:30:14.527
hotels_save,2019-04-15 16:30:14.532
pensiune_save,2019-04-15 16:30:14.533
apartament_save,2019-04-15 16:30:14.535
rezervari_save,2019-04-15 16:30:14.536
users_read,2019-04-15 16:30:29.656
hotels_read,2019-04-15 16:30:29.692
pensiuni_read,2019-04-15 16:30:29.71
apartamente_read,2019-04-15 16:30:29.712
reservation_read,2019-04-15 16:30:29.713
users_save,2019-04-15 16:32:23.805
hotels_save,2019-04-15 16:32:23.808
pensiune_save,2019-04-15 16:32:23.825
apartament_save,2019-04-15 16:32:23.827
rezervari_save,2019-04-15 16:32:23.828
users_read,2019-04-15 16:33:55.374
hotels_read,2019-04-15 16:33:55.394
pensiuni_read,2019-04-15 16:33:55.425
apartamente_read,2019-04-15 16:33:55.435
reservation_read,2019-04-15 16:33:55.444
users_read,2019-04-15 16:34:14.19
hotels_read,2019-04-15 16:34:14.212
pensiuni_read,2019-04-15 16:34:14.244
apartamente_read,2019-04-15 16:34:14.252
reservation_read,2019-04-15 16:34:14.258
users_read,2019-04-15 16:34:45.544
hotels_read,2019-04-15 16:34:45.568
pensiuni_read,2019-04-15 16:34:45.585
apartamente_read,2019-04-15 16:34:45.601
reservation_read,2019-04-15 16:34:45.603
users_read,2019-04-15 16:35:53.572
pensiuni_read,2019-04-15 16:35:53.594
apartamente_read,2019-04-15 16:35:53.609
reservation_read,2019-04-15 16:35:53.616
users_save,2019-04-15 16:37:14.191
hotels_save,2019-04-15 16:37:14.197
pensiune_save,2019-04-15 16:37:14.208
apartament_save,2019-04-15 16:37:14.21
rezervari_save,2019-04-15 16:37:14.211
users_read,2019-04-15 16:37:20.907
pensiuni_read,2019-04-15 16:37:20.933
apartamente_read,2019-04-15 16:37:20.95
reservation_read,2019-04-15 16:37:20.957
users_read,2019-04-15 16:37:28.005
hotels_read,2019-04-15 16:37:28.026
pensiuni_read,2019-04-15 16:37:28.048
apartamente_read,2019-04-15 16:37:28.055
reservation_read,2019-04-15 16:37:28.062
users_save,2019-04-15 16:41:19.254
hotels_save,2019-04-15 16:41:19.26
pensiune_save,2019-04-15 16:41:19.263
apartament_save,2019-04-15 16:41:19.273
rezervari_save,2019-04-15 16:41:19.274
users_read,2019-04-15 16:41:23.397
hotels_read,2019-04-15 16:41:23.419
pensiuni_read,2019-04-15 16:41:23.444
apartamente_read,2019-04-15 16:41:23.456
reservation_read,2019-04-15 16:41:23.464
hotels_read,2019-04-16 12:39:39.204
pensiuni_read,2019-04-16 12:39:39.263
apartamente_read,2019-04-16 12:39:39.269
reservation_read,2019-04-16 12:39:39.273
hotels_read,2019-04-16 13:17:40.212
pensiuni_read,2019-04-16 13:17:40.257
apartamente_read,2019-04-16 13:17:40.263
reservation_read,2019-04-16 13:17:40.265
hotels_read,2019-04-16 13:18:21.751
pensiuni_read,2019-04-16 13:18:21.795
apartamente_read,2019-04-16 13:18:21.81
reservation_read,2019-04-16 13:18:21.822
hotels_save,2019-04-16 13:18:35.755
pensiune_save,2019-04-16 13:18:35.767
apartament_save,2019-04-16 13:18:35.771
rezervari_save,2019-04-16 13:18:35.774
hotels_read,2019-04-16 13:20:41.475
pensiuni_read,2019-04-16 13:20:41.519
apartamente_read,2019-04-16 13:20:41.533
reservation_read,2019-04-16 13:20:41.535
hotels_save,2019-04-16 13:21:03.123
pensiune_save,2019-04-16 13:21:03.129
apartament_save,2019-04-16 13:21:03.132
rezervari_save,2019-04-16 13:21:03.134
hotels_read,2019-04-16 13:40:18.771
pensiuni_read,2019-04-16 13:40:18.825
apartamente_read,2019-04-16 13:40:18.83
reservation_read,2019-04-16 13:40:18.832
users_save,2019-04-16 13:40:30.24
hotels_save,2019-04-16 13:40:30.243
pensiune_save,2019-04-16 13:40:30.25
apartament_save,2019-04-16 13:40:30.253
rezervari_save,2019-04-16 13:40:30.256
hotels_read,2019-04-18 19:46:51.993
pensiuni_read,2019-04-18 19:46:52.053
apartamente_read,2019-04-18 19:46:52.064
reservation_read,2019-04-18 19:46:52.072
users_save,2019-04-18 19:48:23.552
hotels_save,2019-04-18 19:48:23.556
pensiune_save,2019-04-18 19:48:23.563
apartament_save,2019-04-18 19:48:23.567
rezervari_save,2019-04-18 19:48:23.57
hotels_read,2019-04-18 19:51:31.32
pensiuni_read,2019-04-18 19:51:31.363
apartamente_read,2019-04-18 19:51:31.377
reservation_read,2019-04-18 19:51:31.387
users_save,2019-04-18 19:51:31.389
hotels_save,2019-04-18 19:51:31.391
pensiune_save,2019-04-18 19:51:31.396
apartament_save,2019-04-18 19:51:31.399
rezervari_save,2019-04-18 19:51:31.401
hotels_read,2019-04-18 19:52:31.986
pensiuni_read,2019-04-18 19:52:32.038
apartamente_read,2019-04-18 19:52:32.053
reservation_read,2019-04-18 19:52:32.069
users_save,2019-04-18 19:52:32.081
hotels_save,2019-04-18 19:52:32.083
pensiune_save,2019-04-18 19:52:32.088
apartament_save,2019-04-18 19:52:32.091
rezervari_save,2019-04-18 19:52:32.094
hotels_read,2019-04-18 19:52:56.607
pensiuni_read,2019-04-18 19:52:56.653
apartamente_read,2019-04-18 19:52:56.668
reservation_read,2019-04-18 19:52:56.684
users_save,2019-04-18 19:52:56.686
hotels_save,2019-04-18 19:52:56.688
pensiune_save,2019-04-18 19:52:56.693
apartament_save,2019-04-18 19:52:56.696
rezervari_save,2019-04-18 19:52:56.698
hotels_read,2019-04-18 19:53:25.102
pensiuni_read,2019-04-18 19:53:25.147
apartamente_read,2019-04-18 19:53:25.163
reservation_read,2019-04-18 19:53:25.165
users_save,2019-04-18 19:53:25.167
hotels_save,2019-04-18 19:53:25.169
pensiune_save,2019-04-18 19:53:25.174
apartament_save,2019-04-18 19:53:25.176
rezervari_save,2019-04-18 19:53:25.178
hotels_read,2019-04-18 19:57:06.528
pensiuni_read,2019-04-18 19:57:06.572
apartamente_read,2019-04-18 19:57:06.587
reservation_read,2019-04-18 19:57:06.598
users_save,2019-04-18 19:57:06.609
hotels_save,2019-04-18 19:57:06.61
pensiune_save,2019-04-18 19:57:06.616
apartament_save,2019-04-18 19:57:06.62
rezervari_save,2019-04-18 19:57:06.622
hotels_read,2019-04-18 20:38:11.013
pensiuni_read,2019-04-18 20:38:11.057
apartamente_read,2019-04-18 20:38:11.073
reservation_read,2019-04-18 20:38:11.086
users_save,2019-04-18 20:38:11.102
hotels_save,2019-04-18 20:38:11.105
pensiune_save,2019-04-18 20:38:11.112
apartament_save,2019-04-18 20:38:11.116
rezervari_save,2019-04-18 20:38:11.118
hotels_read,2019-04-18 20:38:19.435
pensiuni_read,2019-04-18 20:38:19.48
apartamente_read,2019-04-18 20:38:19.498
reservation_read,2019-04-18 20:38:19.514
users_save,2019-04-18 20:38:19.525
hotels_save,2019-04-18 20:38:19.527
pensiune_save,2019-04-18 20:38:19.532
apartament_save,2019-04-18 20:38:19.535
rezervari_save,2019-04-18 20:38:19.537
hotels_read,2019-04-18 20:38:37.566
pensiuni_read,2019-04-18 20:38:37.625
apartamente_read,2019-04-18 20:38:37.631
reservation_read,2019-04-18 20:38:37.633
users_save,2019-04-18 20:38:37.635
hotels_save,2019-04-18 20:38:37.638
pensiune_save,2019-04-18 20:38:37.643
apartament_save,2019-04-18 20:38:37.646
rezervari_save,2019-04-18 20:38:37.648
hotels_read,2019-04-18 20:39:03.201
pensiuni_read,2019-04-18 20:39:03.244
apartamente_read,2019-04-18 20:39:03.264
reservation_read,2019-04-18 20:39:03.276
users_save,2019-04-18 20:39:03.278
hotels_save,2019-04-18 20:39:03.28
pensiune_save,2019-04-18 20:39:03.286
apartament_save,2019-04-18 20:39:03.289
rezervari_save,2019-04-18 20:39:03.291
